text,label
Cả nhà em 5 người kẹt trên gác lửng nước dâng sắp chạm trần rồi cứu với!,RESCUE_URGENT
Mọi người ơi cứu nhà em với nước ngập tới cổ rồi ở xóm 3 thôn Tân An,RESCUE_URGENT
"Có 1 bà cụ 80 tuổi bị tai biến và 2 cháu nhỏ đang mắc kẹt trên mái nhà, cano nào qua cứu gấp với ạ",RESCUE_URGENT
"Gia đình em bị cô lập hoàn toàn ở xã An Ninh, nước chảy xiết sắp sập nhà, cứu với!",RESCUE_URGENT
mng oi cuu nha e vs nc ngap ngang nguc roi o thon 2 xa tan hoa,RESCUE_URGENT
"Kẹt 4 người trong nhà cấp 4 nước ngập lút đầu rồi, sđt liên hệ 0912345678 cứu gấp",RESCUE_URGENT
cứu với bà bầu đang chuyển dạ sắp sinh ở xóm cồn mà nước ngập sâu ca nô không vào được,RESCUE_URGENT
Nhà có người đang thở máy mà cúp điện nước ngập ngang bụng rồi cứu người với các anh ơi,RESCUE_URGENT
3 mẹ con đang ngồi trên nóc nhà ở Quảng Bình rét run cầm cập nước vẫn đang lên nhanh,RESCUE_URGENT
can thuyen hoac cano cuu 6 nguoi o xa le thuy gap lam roi mn oi,RESCUE_URGENT
"Nước dâng cao 2m cuốn trôi hết đồ đạc, 2 vợ chồng ôm con nhỏ leo lên cây cứu với",RESCUE_URGENT
Khẩn cấp: Xóm Đông có 5 người già neo đơn nước ngập tới mái tôn không thoát ra được,RESCUE_URGENT
Cứu hộ ơi thôn Mỹ Lộc ngập sâu quá rồi nhà sắp chìm hẳn trong lũ,RESCUE_URGENT
cuu gap nha e o nga ba duong tran hung dao nc chay xiet xe khong qua duoc nguoi sap chim,RESCUE_URGENT
"Có 2 cháu bé bị sốt cao co giật mà nước ngập tới ngực không đưa đi viện được, cần hỗ trợ y tế khẩn cấp",RESCUE_URGENT
Đoạn đường Nguyễn Xiển từ ngã tư Nguyễn Trãi đến ngõ 214 ngập sâu ngang yên xe,FLOOD_HAZARD
Cảnh báo đường Lê Duẩn đoạn trước ga Hà Nội ngập nửa mét ô tô chết máy hàng loạt,FLOOD_HAZARD
Đường Phạm Văn Đồng đoạn gần chân cầu Mai Dịch nước ngập lút bánh xe máy mọi người chú ý,FLOOD_HAZARD
Quốc lộ 1A đoạn qua Lệ Thủy Quảng Bình ngập sâu 1m giao thông tê liệt hoàn toàn,FLOOD_HAZARD
canh bao duong nguyen van linh ngap sau ngang dau goi xe oto gầm thap khong nen di vao,FLOOD_HAZARD
Đoạn từ ngã tư Hàng Xanh đến cầu Sài Gòn ngập lênh láng mấp mé vỉa hè,FLOOD_HAZARD
Tuyến đường ven sông Hương nước tràn bờ ngập sâu 70cm nguy cơ sạt lở bờ kè,FLOOD_HAZARD
Đoạn km 105 đến km 108 quốc lộ 14 nước lũ tràn qua đường chảy xiết cấm xe máy qua lại,FLOOD_HAZARD
duong ngap sau ngang hong o khu vuc ho Tay moi nguoi chon lo trinh khac,FLOOD_HAZARD
Cầu chìm sông Ba nước ngập quá bánh xe cấm tất cả phương tiện lưu thông,FLOOD_HAZARD
"Đoạn ngã ba Chùa Hà và Cầu Giấy ngập chạm bô xe máy, nhiều xe chết máy dắt bộ",FLOOD_HAZARD
Đường gom Đại lộ Thăng Long ngập sâu 80cm các phương tiện di chuyển khó khăn,FLOOD_HAZARD
Cảnh báo ngập nặng tại ngã tư Tân Kỳ Tân Quý và Quốc lộ 1A,FLOOD_HAZARD
Tỉnh lộ 8 đoạn qua cầu Suối Đôi ngập 60cm nước chảy xiết không an toàn,FLOOD_HAZARD
duong vo van kiet doan gan cau lo gom nuoc dang cao do trieu cuong ngap ca banh xe,FLOOD_HAZARD
Cây xà cừ cổ thụ đổ chắn ngang đường Hoàng Diệu đè trúng cột điện rất nguy hiểm,OBSTACLE
Sạt lở đất đá nghiêm trọng tại đèo Hải Vân đất tràn lấp toàn bộ mặt đường,OBSTACLE
Dây điện trung thế bị đứt rơi xuống vũng nước trước số nhà 45 đường Hai Bà Trưng,OBSTACLE
"Cầu gỗ dân sinh bị lũ cuốn sập mố cầu, chia cắt hoàn toàn giao thông 2 thôn",OBSTACLE
cay to do chan ngang duong quang trung day dien roi xuong duong moi nguoi tranh xa,OBSTACLE
Đất đá trên sườn núi sạt trượt chắn ngang tuyến đường vào bản Co Phạt,OBSTACLE
Cột đèn chiếu sáng gãy đổ đè lên dải phân cách trên cầu Nhật Tân,OBSTACLE
Tàu thuyền trôi dạt va đập vào chân cầu Long Biên gây nguy cơ mất an toàn,OBSTACLE
sat lo taluy duong len Ba Na cay coi dat da do chan het loi di,OBSTACLE
Mái tôn nhà dân bị gió bão thổi bay rơi xuống lòng đường Giải Phóng,OBSTACLE
Nắp cống thoát nước bị bật tung tại ngã tư Đinh Tiên Hoàng nước xoáy rất mạnh,OBSTACLE
Cây phượng vĩ bật gốc đè bẹp xe con đỗ ven đường Trần Hưng Đạo,OBSTACLE
Đoạn đường đèo Mã Pí Lèng sạt lở taluy âm ăn sâu vào mép đường nhựa,OBSTACLE
dây điện võng sát mặt nước ở ngõ 105 đường Láng nguy cơ rò điện chết người,OBSTACLE
Cổng chào bằng sắt bị gió giật sập chắn ngang lối vào khu đô thị,OBSTACLE
Xóm em bị cô lập 3 ngày rồi hết sạch đồ ăn nước uống có 2 cháu nhỏ đang đói,SUPPLY_NEED
"Bà con thôn An Xá cần hỗ trợ nước sạch và lương khô, giếng khoan ngập bùn hết rồi",SUPPLY_NEED
"Khu vực xóm Trại cạn kiệt thực phẩm và nến thắp sáng, mong các đoàn thiện nguyện tiếp tế",SUPPLY_NEED
"Hộ dân vùng lũ cần gấp áo phao, đèn pin và thuốc hạ sốt cho người già và trẻ nhỏ",SUPPLY_NEED
xom e het gao het nuoc sach 2 ngay nay roi ai giup voi a,SUPPLY_NEED
Cần 50 thùng mì tôm và nước khoáng cứu trợ cho các hộ dân bị ngập sâu ở xã Cảnh Hóa,SUPPLY_NEED
"Bà con đang rất cần sữa cho trẻ em và băng vệ sinh, thuốc tiêu chảy mùa lũ",SUPPLY_NEED
Bản làng bị chia cắt đường bộ mong được thả dù lương thực và nước uống khẩn cấp,SUPPLY_NEED
nha e con 1 it gao ma bep ngap khong nau dc can tiep te do an san,SUPPLY_NEED
Cần ủng hộ xuồng phao hoặc áo cứu sinh để chở người già đi sơ tán,SUPPLY_NEED
Bà con nghèo ở xóm cồn cần chăn ấm và bạt che mưa sau bão,SUPPLY_NEED
Điểm tránh trú bão trường tiểu học đang thiếu 100 suất cơm trưa cho bà con,SUPPLY_NEED
can giup do nuoc uong dong chai va luong kho cho 30 ho dan bi co lap,SUPPLY_NEED
Các cháu nhỏ ở điểm sơ tán bị lạnh cần quần áo ấm và sữa tươi,SUPPLY_NEED
Cần hỗ trợ pin sạc dự phòng để người dân sạc điện thoại giữ liên lạc cứu trợ,SUPPLY_NEED
Bán áo phao cứu sinh giá sỉ lẻ toàn quốc freeship liên hệ 0987654321,SPAM_IRRELEVANT
Cho thuê xe bán tải gầm cao chạy mùa ngập lụt giá hạt dẻ ib ngay,SPAM_IRRELEVANT
Bán đất nền view sông không lo ngập lụt giá đầu tư sinh lời cao,SPAM_IRRELEVANT
Dịch vụ kích bình ắc quy cứu hộ xe chết máy giá rẻ gọi có mặt sau 15p,SPAM_IRRELEVANT
ban ghe sofa da cao cap thanh ly gia re mua mua bao,SPAM_IRRELEVANT
Thanh lý áo mưa bộ chất lượng cao vải dù chống thấm cực tốt,SPAM_IRRELEVANT
Tuyển cộng tác viên bán hàng online tại nhà thu nhập 10-20tr tháng,SPAM_IRRELEVANT
Cập nhật tỷ số trận bóng đá ngoại hạng Anh tối nay siêu kịch tính,SPAM_IRRELEVANT
Hôm nay trời mưa to quá ngủ ở nhà sướng nhất ai giống mình không,SPAM_IRRELEVANT
Chia sẻ video mẹo vặt bảo dưỡng xe máy sau khi đi qua vùng nước ngập,SPAM_IRRELEVANT
ban nha mat tien trung tam quan 1 so do chinh chu,SPAM_IRRELEVANT
Bán máy phát điện mini xách tay chạy xăng giá tốt cho gia đình,SPAM_IRRELEVANT
Mời mọi người vào nhóm săn deal giảm giá shopee mùa bão,SPAM_IRRELEVANT
Review quán bún bò huế ngon chuẩn vị giữa trời mưa gió bão bùng,SPAM_IRRELEVANT
Kênh chia sẻ âm nhạc thư giãn khi trời mưa bão cho người mất ngủ,SPAM_IRRELEVANT
Cả nhà em 5 người kẹt trên gác lửng nước dâng sắp chạm trần rồi cứu với! tại Đà Nẵng,RESCUE_URGENT
Cả nhà em 5 người kẹt trên gác lửng nước dâng sắp chạm trần rồi cứu với! ở Quảng Bình,RESCUE_URGENT
Cả nhà em 5 người kẹt trên gác lửng nước dâng sắp chạm trần rồi cứu với! tại Lệ Thủy,RESCUE_URGENT
Cả nhà em 5 người kẹt trên gác lửng nước dâng sắp chạm trần rồi cứu với! ở Tam Kỳ,RESCUE_URGENT
Mọi người ơi cứu nhà em với nước ngập tới cổ rồi ở xóm 3 thôn Tân An tại Đà Nẵng,RESCUE_URGENT
Mọi người ơi cứu nhà em với nước ngập tới cổ rồi ở xóm 3 thôn Tân An ở Quảng Bình,RESCUE_URGENT
Mọi người ơi cứu nhà em với nước ngập tới cổ rồi ở xóm 3 thôn Tân An tại Lệ Thủy,RESCUE_URGENT
Mọi người ơi cứu nhà em với nước ngập tới cổ rồi ở xóm 3 thôn Tân An ở Tam Kỳ,RESCUE_URGENT
"Có 1 bà cụ 80 tuổi bị tai biến và 2 cháu nhỏ đang mắc kẹt trên mái nhà, cano nào qua cứu gấp với ạ tại Đà Nẵng",RESCUE_URGENT
"Có 1 bà cụ 80 tuổi bị tai biến và 2 cháu nhỏ đang mắc kẹt trên mái nhà, cano nào qua cứu gấp với ạ ở Quảng Bình",RESCUE_URGENT
"Có 1 bà cụ 80 tuổi bị tai biến và 2 cháu nhỏ đang mắc kẹt trên mái nhà, cano nào qua cứu gấp với ạ tại Lệ Thủy",RESCUE_URGENT
"Có 1 bà cụ 80 tuổi bị tai biến và 2 cháu nhỏ đang mắc kẹt trên mái nhà, cano nào qua cứu gấp với ạ ở Tam Kỳ",RESCUE_URGENT
"Gia đình em bị cô lập hoàn toàn ở xã An Ninh, nước chảy xiết sắp sập nhà, cứu với! tại Đà Nẵng",RESCUE_URGENT
"Gia đình em bị cô lập hoàn toàn ở xã An Ninh, nước chảy xiết sắp sập nhà, cứu với! ở Quảng Bình",RESCUE_URGENT
"Gia đình em bị cô lập hoàn toàn ở xã An Ninh, nước chảy xiết sắp sập nhà, cứu với! tại Lệ Thủy",RESCUE_URGENT
"Gia đình em bị cô lập hoàn toàn ở xã An Ninh, nước chảy xiết sắp sập nhà, cứu với! ở Tam Kỳ",RESCUE_URGENT
mng oi cuu nha e vs nc ngap ngang nguc roi o thon 2 xa tan hoa tại Đà Nẵng,RESCUE_URGENT
mng oi cuu nha e vs nc ngap ngang nguc roi o thon 2 xa tan hoa ở Quảng Bình,RESCUE_URGENT
mng oi cuu nha e vs nc ngap ngang nguc roi o thon 2 xa tan hoa tại Lệ Thủy,RESCUE_URGENT
mng oi cuu nha e vs nc ngap ngang nguc roi o thon 2 xa tan hoa ở Tam Kỳ,RESCUE_URGENT
"Kẹt 4 người trong nhà cấp 4 nước ngập lút đầu rồi, sđt liên hệ 0912345678 cứu gấp tại Đà Nẵng",RESCUE_URGENT
"Kẹt 4 người trong nhà cấp 4 nước ngập lút đầu rồi, sđt liên hệ 0912345678 cứu gấp ở Quảng Bình",RESCUE_URGENT
"Kẹt 4 người trong nhà cấp 4 nước ngập lút đầu rồi, sđt liên hệ 0912345678 cứu gấp tại Lệ Thủy",RESCUE_URGENT
"Kẹt 4 người trong nhà cấp 4 nước ngập lút đầu rồi, sđt liên hệ 0912345678 cứu gấp ở Tam Kỳ",RESCUE_URGENT
cứu với bà bầu đang chuyển dạ sắp sinh ở xóm cồn mà nước ngập sâu ca nô không vào được tại Đà Nẵng,RESCUE_URGENT
cứu với bà bầu đang chuyển dạ sắp sinh ở xóm cồn mà nước ngập sâu ca nô không vào được ở Quảng Bình,RESCUE_URGENT
cứu với bà bầu đang chuyển dạ sắp sinh ở xóm cồn mà nước ngập sâu ca nô không vào được tại Lệ Thủy,RESCUE_URGENT
cứu với bà bầu đang chuyển dạ sắp sinh ở xóm cồn mà nước ngập sâu ca nô không vào được ở Tam Kỳ,RESCUE_URGENT
Nhà có người đang thở máy mà cúp điện nước ngập ngang bụng rồi cứu người với các anh ơi tại Đà Nẵng,RESCUE_URGENT
Nhà có người đang thở máy mà cúp điện nước ngập ngang bụng rồi cứu người với các anh ơi ở Quảng Bình,RESCUE_URGENT
Nhà có người đang thở máy mà cúp điện nước ngập ngang bụng rồi cứu người với các anh ơi tại Lệ Thủy,RESCUE_URGENT
Nhà có người đang thở máy mà cúp điện nước ngập ngang bụng rồi cứu người với các anh ơi ở Tam Kỳ,RESCUE_URGENT
3 mẹ con đang ngồi trên nóc nhà ở Quảng Bình rét run cầm cập nước vẫn đang lên nhanh tại Đà Nẵng,RESCUE_URGENT
3 mẹ con đang ngồi trên nóc nhà ở Quảng Bình rét run cầm cập nước vẫn đang lên nhanh ở Quảng Bình,RESCUE_URGENT
3 mẹ con đang ngồi trên nóc nhà ở Quảng Bình rét run cầm cập nước vẫn đang lên nhanh tại Lệ Thủy,RESCUE_URGENT
3 mẹ con đang ngồi trên nóc nhà ở Quảng Bình rét run cầm cập nước vẫn đang lên nhanh ở Tam Kỳ,RESCUE_URGENT
can thuyen hoac cano cuu 6 nguoi o xa le thuy gap lam roi mn oi tại Đà Nẵng,RESCUE_URGENT
can thuyen hoac cano cuu 6 nguoi o xa le thuy gap lam roi mn oi ở Quảng Bình,RESCUE_URGENT
can thuyen hoac cano cuu 6 nguoi o xa le thuy gap lam roi mn oi tại Lệ Thủy,RESCUE_URGENT
can thuyen hoac cano cuu 6 nguoi o xa le thuy gap lam roi mn oi ở Tam Kỳ,RESCUE_URGENT
"Nước dâng cao 2m cuốn trôi hết đồ đạc, 2 vợ chồng ôm con nhỏ leo lên cây cứu với tại Đà Nẵng",RESCUE_URGENT
"Nước dâng cao 2m cuốn trôi hết đồ đạc, 2 vợ chồng ôm con nhỏ leo lên cây cứu với ở Quảng Bình",RESCUE_URGENT
"Nước dâng cao 2m cuốn trôi hết đồ đạc, 2 vợ chồng ôm con nhỏ leo lên cây cứu với tại Lệ Thủy",RESCUE_URGENT
"Nước dâng cao 2m cuốn trôi hết đồ đạc, 2 vợ chồng ôm con nhỏ leo lên cây cứu với ở Tam Kỳ",RESCUE_URGENT
Khẩn cấp: Xóm Đông có 5 người già neo đơn nước ngập tới mái tôn không thoát ra được tại Đà Nẵng,RESCUE_URGENT
Khẩn cấp: Xóm Đông có 5 người già neo đơn nước ngập tới mái tôn không thoát ra được ở Quảng Bình,RESCUE_URGENT
Khẩn cấp: Xóm Đông có 5 người già neo đơn nước ngập tới mái tôn không thoát ra được tại Lệ Thủy,RESCUE_URGENT
Khẩn cấp: Xóm Đông có 5 người già neo đơn nước ngập tới mái tôn không thoát ra được ở Tam Kỳ,RESCUE_URGENT
Cứu hộ ơi thôn Mỹ Lộc ngập sâu quá rồi nhà sắp chìm hẳn trong lũ tại Đà Nẵng,RESCUE_URGENT
Cứu hộ ơi thôn Mỹ Lộc ngập sâu quá rồi nhà sắp chìm hẳn trong lũ ở Quảng Bình,RESCUE_URGENT
Cứu hộ ơi thôn Mỹ Lộc ngập sâu quá rồi nhà sắp chìm hẳn trong lũ tại Lệ Thủy,RESCUE_URGENT
Cứu hộ ơi thôn Mỹ Lộc ngập sâu quá rồi nhà sắp chìm hẳn trong lũ ở Tam Kỳ,RESCUE_URGENT
cuu gap nha e o nga ba duong tran hung dao nc chay xiet xe khong qua duoc nguoi sap chim tại Đà Nẵng,RESCUE_URGENT
cuu gap nha e o nga ba duong tran hung dao nc chay xiet xe khong qua duoc nguoi sap chim ở Quảng Bình,RESCUE_URGENT
cuu gap nha e o nga ba duong tran hung dao nc chay xiet xe khong qua duoc nguoi sap chim tại Lệ Thủy,RESCUE_URGENT
cuu gap nha e o nga ba duong tran hung dao nc chay xiet xe khong qua duoc nguoi sap chim ở Tam Kỳ,RESCUE_URGENT
"Có 2 cháu bé bị sốt cao co giật mà nước ngập tới ngực không đưa đi viện được, cần hỗ trợ y tế khẩn cấp tại Đà Nẵng",RESCUE_URGENT
"Có 2 cháu bé bị sốt cao co giật mà nước ngập tới ngực không đưa đi viện được, cần hỗ trợ y tế khẩn cấp ở Quảng Bình",RESCUE_URGENT
"Có 2 cháu bé bị sốt cao co giật mà nước ngập tới ngực không đưa đi viện được, cần hỗ trợ y tế khẩn cấp tại Lệ Thủy",RESCUE_URGENT
"Có 2 cháu bé bị sốt cao co giật mà nước ngập tới ngực không đưa đi viện được, cần hỗ trợ y tế khẩn cấp ở Tam Kỳ",RESCUE_URGENT
Đoạn đường Nguyễn Xiển từ ngã tư Nguyễn Trãi đến ngõ 214 ngập sâu ngang yên xe ở Hội An,FLOOD_HAZARD
Đoạn đường Nguyễn Xiển từ ngã tư Nguyễn Trãi đến ngõ 214 ngập sâu ngang yên xe tại Hà Tĩnh,FLOOD_HAZARD
Đoạn đường Nguyễn Xiển từ ngã tư Nguyễn Trãi đến ngõ 214 ngập sâu ngang yên xe ở Thừa Thiên Huế,FLOOD_HAZARD
Đoạn đường Nguyễn Xiển từ ngã tư Nguyễn Trãi đến ngõ 214 ngập sâu ngang yên xe tại Nghệ An,FLOOD_HAZARD
Cảnh báo đường Lê Duẩn đoạn trước ga Hà Nội ngập nửa mét ô tô chết máy hàng loạt ở Hội An,FLOOD_HAZARD
Cảnh báo đường Lê Duẩn đoạn trước ga Hà Nội ngập nửa mét ô tô chết máy hàng loạt tại Hà Tĩnh,FLOOD_HAZARD
Cảnh báo đường Lê Duẩn đoạn trước ga Hà Nội ngập nửa mét ô tô chết máy hàng loạt ở Thừa Thiên Huế,FLOOD_HAZARD
Cảnh báo đường Lê Duẩn đoạn trước ga Hà Nội ngập nửa mét ô tô chết máy hàng loạt tại Nghệ An,FLOOD_HAZARD
Đường Phạm Văn Đồng đoạn gần chân cầu Mai Dịch nước ngập lút bánh xe máy mọi người chú ý ở Hội An,FLOOD_HAZARD
Đường Phạm Văn Đồng đoạn gần chân cầu Mai Dịch nước ngập lút bánh xe máy mọi người chú ý tại Hà Tĩnh,FLOOD_HAZARD
Đường Phạm Văn Đồng đoạn gần chân cầu Mai Dịch nước ngập lút bánh xe máy mọi người chú ý ở Thừa Thiên Huế,FLOOD_HAZARD
Đường Phạm Văn Đồng đoạn gần chân cầu Mai Dịch nước ngập lút bánh xe máy mọi người chú ý tại Nghệ An,FLOOD_HAZARD
Quốc lộ 1A đoạn qua Lệ Thủy Quảng Bình ngập sâu 1m giao thông tê liệt hoàn toàn ở Hội An,FLOOD_HAZARD
Quốc lộ 1A đoạn qua Lệ Thủy Quảng Bình ngập sâu 1m giao thông tê liệt hoàn toàn tại Hà Tĩnh,FLOOD_HAZARD
Quốc lộ 1A đoạn qua Lệ Thủy Quảng Bình ngập sâu 1m giao thông tê liệt hoàn toàn ở Thừa Thiên Huế,FLOOD_HAZARD
Quốc lộ 1A đoạn qua Lệ Thủy Quảng Bình ngập sâu 1m giao thông tê liệt hoàn toàn tại Nghệ An,FLOOD_HAZARD
canh bao duong nguyen van linh ngap sau ngang dau goi xe oto gầm thap khong nen di vao ở Hội An,FLOOD_HAZARD
canh bao duong nguyen van linh ngap sau ngang dau goi xe oto gầm thap khong nen di vao tại Hà Tĩnh,FLOOD_HAZARD
canh bao duong nguyen van linh ngap sau ngang dau goi xe oto gầm thap khong nen di vao ở Thừa Thiên Huế,FLOOD_HAZARD
canh bao duong nguyen van linh ngap sau ngang dau goi xe oto gầm thap khong nen di vao tại Nghệ An,FLOOD_HAZARD
Đoạn từ ngã tư Hàng Xanh đến cầu Sài Gòn ngập lênh láng mấp mé vỉa hè ở Hội An,FLOOD_HAZARD
Đoạn từ ngã tư Hàng Xanh đến cầu Sài Gòn ngập lênh láng mấp mé vỉa hè tại Hà Tĩnh,FLOOD_HAZARD
Đoạn từ ngã tư Hàng Xanh đến cầu Sài Gòn ngập lênh láng mấp mé vỉa hè ở Thừa Thiên Huế,FLOOD_HAZARD
Đoạn từ ngã tư Hàng Xanh đến cầu Sài Gòn ngập lênh láng mấp mé vỉa hè tại Nghệ An,FLOOD_HAZARD
Tuyến đường ven sông Hương nước tràn bờ ngập sâu 70cm nguy cơ sạt lở bờ kè ở Hội An,FLOOD_HAZARD
Tuyến đường ven sông Hương nước tràn bờ ngập sâu 70cm nguy cơ sạt lở bờ kè tại Hà Tĩnh,FLOOD_HAZARD
Tuyến đường ven sông Hương nước tràn bờ ngập sâu 70cm nguy cơ sạt lở bờ kè ở Thừa Thiên Huế,FLOOD_HAZARD
Tuyến đường ven sông Hương nước tràn bờ ngập sâu 70cm nguy cơ sạt lở bờ kè tại Nghệ An,FLOOD_HAZARD
Đoạn km 105 đến km 108 quốc lộ 14 nước lũ tràn qua đường chảy xiết cấm xe máy qua lại ở Hội An,FLOOD_HAZARD
Đoạn km 105 đến km 108 quốc lộ 14 nước lũ tràn qua đường chảy xiết cấm xe máy qua lại tại Hà Tĩnh,FLOOD_HAZARD
Đoạn km 105 đến km 108 quốc lộ 14 nước lũ tràn qua đường chảy xiết cấm xe máy qua lại ở Thừa Thiên Huế,FLOOD_HAZARD
Đoạn km 105 đến km 108 quốc lộ 14 nước lũ tràn qua đường chảy xiết cấm xe máy qua lại tại Nghệ An,FLOOD_HAZARD
duong ngap sau ngang hong o khu vuc ho Tay moi nguoi chon lo trinh khac ở Hội An,FLOOD_HAZARD
duong ngap sau ngang hong o khu vuc ho Tay moi nguoi chon lo trinh khac tại Hà Tĩnh,FLOOD_HAZARD
duong ngap sau ngang hong o khu vuc ho Tay moi nguoi chon lo trinh khac ở Thừa Thiên Huế,FLOOD_HAZARD
duong ngap sau ngang hong o khu vuc ho Tay moi nguoi chon lo trinh khac tại Nghệ An,FLOOD_HAZARD
Cầu chìm sông Ba nước ngập quá bánh xe cấm tất cả phương tiện lưu thông ở Hội An,FLOOD_HAZARD
Cầu chìm sông Ba nước ngập quá bánh xe cấm tất cả phương tiện lưu thông tại Hà Tĩnh,FLOOD_HAZARD
Cầu chìm sông Ba nước ngập quá bánh xe cấm tất cả phương tiện lưu thông ở Thừa Thiên Huế,FLOOD_HAZARD
Cầu chìm sông Ba nước ngập quá bánh xe cấm tất cả phương tiện lưu thông tại Nghệ An,FLOOD_HAZARD
"Đoạn ngã ba Chùa Hà và Cầu Giấy ngập chạm bô xe máy, nhiều xe chết máy dắt bộ ở Hội An",FLOOD_HAZARD
"Đoạn ngã ba Chùa Hà và Cầu Giấy ngập chạm bô xe máy, nhiều xe chết máy dắt bộ tại Hà Tĩnh",FLOOD_HAZARD
"Đoạn ngã ba Chùa Hà và Cầu Giấy ngập chạm bô xe máy, nhiều xe chết máy dắt bộ ở Thừa Thiên Huế",FLOOD_HAZARD
"Đoạn ngã ba Chùa Hà và Cầu Giấy ngập chạm bô xe máy, nhiều xe chết máy dắt bộ tại Nghệ An",FLOOD_HAZARD
Đường gom Đại lộ Thăng Long ngập sâu 80cm các phương tiện di chuyển khó khăn ở Hội An,FLOOD_HAZARD
Đường gom Đại lộ Thăng Long ngập sâu 80cm các phương tiện di chuyển khó khăn tại Hà Tĩnh,FLOOD_HAZARD
Đường gom Đại lộ Thăng Long ngập sâu 80cm các phương tiện di chuyển khó khăn ở Thừa Thiên Huế,FLOOD_HAZARD
Đường gom Đại lộ Thăng Long ngập sâu 80cm các phương tiện di chuyển khó khăn tại Nghệ An,FLOOD_HAZARD
Cảnh báo ngập nặng tại ngã tư Tân Kỳ Tân Quý và Quốc lộ 1A ở Hội An,FLOOD_HAZARD
Cảnh báo ngập nặng tại ngã tư Tân Kỳ Tân Quý và Quốc lộ 1A tại Hà Tĩnh,FLOOD_HAZARD
Cảnh báo ngập nặng tại ngã tư Tân Kỳ Tân Quý và Quốc lộ 1A ở Thừa Thiên Huế,FLOOD_HAZARD
Cảnh báo ngập nặng tại ngã tư Tân Kỳ Tân Quý và Quốc lộ 1A tại Nghệ An,FLOOD_HAZARD
Tỉnh lộ 8 đoạn qua cầu Suối Đôi ngập 60cm nước chảy xiết không an toàn ở Hội An,FLOOD_HAZARD
Tỉnh lộ 8 đoạn qua cầu Suối Đôi ngập 60cm nước chảy xiết không an toàn tại Hà Tĩnh,FLOOD_HAZARD
Tỉnh lộ 8 đoạn qua cầu Suối Đôi ngập 60cm nước chảy xiết không an toàn ở Thừa Thiên Huế,FLOOD_HAZARD
Tỉnh lộ 8 đoạn qua cầu Suối Đôi ngập 60cm nước chảy xiết không an toàn tại Nghệ An,FLOOD_HAZARD
duong vo van kiet doan gan cau lo gom nuoc dang cao do trieu cuong ngap ca banh xe ở Hội An,FLOOD_HAZARD
duong vo van kiet doan gan cau lo gom nuoc dang cao do trieu cuong ngap ca banh xe tại Hà Tĩnh,FLOOD_HAZARD
duong vo van kiet doan gan cau lo gom nuoc dang cao do trieu cuong ngap ca banh xe ở Thừa Thiên Huế,FLOOD_HAZARD
duong vo van kiet doan gan cau lo gom nuoc dang cao do trieu cuong ngap ca banh xe tại Nghệ An,FLOOD_HAZARD
Cây xà cừ cổ thụ đổ chắn ngang đường Hoàng Diệu đè trúng cột điện rất nguy hiểm tại Đà Nẵng,OBSTACLE
Cây xà cừ cổ thụ đổ chắn ngang đường Hoàng Diệu đè trúng cột điện rất nguy hiểm ở Quảng Bình,OBSTACLE
Cây xà cừ cổ thụ đổ chắn ngang đường Hoàng Diệu đè trúng cột điện rất nguy hiểm tại Lệ Thủy,OBSTACLE
Sạt lở đất đá nghiêm trọng tại đèo Hải Vân đất tràn lấp toàn bộ mặt đường tại Đà Nẵng,OBSTACLE
Sạt lở đất đá nghiêm trọng tại đèo Hải Vân đất tràn lấp toàn bộ mặt đường ở Quảng Bình,OBSTACLE
Sạt lở đất đá nghiêm trọng tại đèo Hải Vân đất tràn lấp toàn bộ mặt đường tại Lệ Thủy,OBSTACLE
Dây điện trung thế bị đứt rơi xuống vũng nước trước số nhà 45 đường Hai Bà Trưng tại Đà Nẵng,OBSTACLE
Dây điện trung thế bị đứt rơi xuống vũng nước trước số nhà 45 đường Hai Bà Trưng ở Quảng Bình,OBSTACLE
Dây điện trung thế bị đứt rơi xuống vũng nước trước số nhà 45 đường Hai Bà Trưng tại Lệ Thủy,OBSTACLE
"Cầu gỗ dân sinh bị lũ cuốn sập mố cầu, chia cắt hoàn toàn giao thông 2 thôn tại Đà Nẵng",OBSTACLE
"Cầu gỗ dân sinh bị lũ cuốn sập mố cầu, chia cắt hoàn toàn giao thông 2 thôn ở Quảng Bình",OBSTACLE
"Cầu gỗ dân sinh bị lũ cuốn sập mố cầu, chia cắt hoàn toàn giao thông 2 thôn tại Lệ Thủy",OBSTACLE
cay to do chan ngang duong quang trung day dien roi xuong duong moi nguoi tranh xa tại Đà Nẵng,OBSTACLE
cay to do chan ngang duong quang trung day dien roi xuong duong moi nguoi tranh xa ở Quảng Bình,OBSTACLE
cay to do chan ngang duong quang trung day dien roi xuong duong moi nguoi tranh xa tại Lệ Thủy,OBSTACLE
Đất đá trên sườn núi sạt trượt chắn ngang tuyến đường vào bản Co Phạt tại Đà Nẵng,OBSTACLE
Đất đá trên sườn núi sạt trượt chắn ngang tuyến đường vào bản Co Phạt ở Quảng Bình,OBSTACLE
Đất đá trên sườn núi sạt trượt chắn ngang tuyến đường vào bản Co Phạt tại Lệ Thủy,OBSTACLE
Cột đèn chiếu sáng gãy đổ đè lên dải phân cách trên cầu Nhật Tân tại Đà Nẵng,OBSTACLE
Cột đèn chiếu sáng gãy đổ đè lên dải phân cách trên cầu Nhật Tân ở Quảng Bình,OBSTACLE
Cột đèn chiếu sáng gãy đổ đè lên dải phân cách trên cầu Nhật Tân tại Lệ Thủy,OBSTACLE
Tàu thuyền trôi dạt va đập vào chân cầu Long Biên gây nguy cơ mất an toàn tại Đà Nẵng,OBSTACLE
Tàu thuyền trôi dạt va đập vào chân cầu Long Biên gây nguy cơ mất an toàn ở Quảng Bình,OBSTACLE
Tàu thuyền trôi dạt va đập vào chân cầu Long Biên gây nguy cơ mất an toàn tại Lệ Thủy,OBSTACLE
sat lo taluy duong len Ba Na cay coi dat da do chan het loi di tại Đà Nẵng,OBSTACLE
sat lo taluy duong len Ba Na cay coi dat da do chan het loi di ở Quảng Bình,OBSTACLE
sat lo taluy duong len Ba Na cay coi dat da do chan het loi di tại Lệ Thủy,OBSTACLE
Mái tôn nhà dân bị gió bão thổi bay rơi xuống lòng đường Giải Phóng tại Đà Nẵng,OBSTACLE
Mái tôn nhà dân bị gió bão thổi bay rơi xuống lòng đường Giải Phóng ở Quảng Bình,OBSTACLE
Mái tôn nhà dân bị gió bão thổi bay rơi xuống lòng đường Giải Phóng tại Lệ Thủy,OBSTACLE
Nắp cống thoát nước bị bật tung tại ngã tư Đinh Tiên Hoàng nước xoáy rất mạnh tại Đà Nẵng,OBSTACLE
Nắp cống thoát nước bị bật tung tại ngã tư Đinh Tiên Hoàng nước xoáy rất mạnh ở Quảng Bình,OBSTACLE
Nắp cống thoát nước bị bật tung tại ngã tư Đinh Tiên Hoàng nước xoáy rất mạnh tại Lệ Thủy,OBSTACLE
Cây phượng vĩ bật gốc đè bẹp xe con đỗ ven đường Trần Hưng Đạo tại Đà Nẵng,OBSTACLE
Cây phượng vĩ bật gốc đè bẹp xe con đỗ ven đường Trần Hưng Đạo ở Quảng Bình,OBSTACLE
Cây phượng vĩ bật gốc đè bẹp xe con đỗ ven đường Trần Hưng Đạo tại Lệ Thủy,OBSTACLE
Đoạn đường đèo Mã Pí Lèng sạt lở taluy âm ăn sâu vào mép đường nhựa tại Đà Nẵng,OBSTACLE
Đoạn đường đèo Mã Pí Lèng sạt lở taluy âm ăn sâu vào mép đường nhựa ở Quảng Bình,OBSTACLE
Đoạn đường đèo Mã Pí Lèng sạt lở taluy âm ăn sâu vào mép đường nhựa tại Lệ Thủy,OBSTACLE
dây điện võng sát mặt nước ở ngõ 105 đường Láng nguy cơ rò điện chết người tại Đà Nẵng,OBSTACLE
dây điện võng sát mặt nước ở ngõ 105 đường Láng nguy cơ rò điện chết người ở Quảng Bình,OBSTACLE
dây điện võng sát mặt nước ở ngõ 105 đường Láng nguy cơ rò điện chết người tại Lệ Thủy,OBSTACLE
Cổng chào bằng sắt bị gió giật sập chắn ngang lối vào khu đô thị tại Đà Nẵng,OBSTACLE
Cổng chào bằng sắt bị gió giật sập chắn ngang lối vào khu đô thị ở Quảng Bình,OBSTACLE
Cổng chào bằng sắt bị gió giật sập chắn ngang lối vào khu đô thị tại Lệ Thủy,OBSTACLE
Xóm em bị cô lập 3 ngày rồi hết sạch đồ ăn nước uống có 2 cháu nhỏ đang đói ở Tam Kỳ,SUPPLY_NEED
Xóm em bị cô lập 3 ngày rồi hết sạch đồ ăn nước uống có 2 cháu nhỏ đang đói ở Hội An,SUPPLY_NEED
Xóm em bị cô lập 3 ngày rồi hết sạch đồ ăn nước uống có 2 cháu nhỏ đang đói tại Hà Tĩnh,SUPPLY_NEED
Xóm em bị cô lập 3 ngày rồi hết sạch đồ ăn nước uống có 2 cháu nhỏ đang đói ở Thừa Thiên Huế,SUPPLY_NEED
"Bà con thôn An Xá cần hỗ trợ nước sạch và lương khô, giếng khoan ngập bùn hết rồi ở Tam Kỳ",SUPPLY_NEED
"Bà con thôn An Xá cần hỗ trợ nước sạch và lương khô, giếng khoan ngập bùn hết rồi ở Hội An",SUPPLY_NEED
"Bà con thôn An Xá cần hỗ trợ nước sạch và lương khô, giếng khoan ngập bùn hết rồi tại Hà Tĩnh",SUPPLY_NEED
"Bà con thôn An Xá cần hỗ trợ nước sạch và lương khô, giếng khoan ngập bùn hết rồi ở Thừa Thiên Huế",SUPPLY_NEED
"Khu vực xóm Trại cạn kiệt thực phẩm và nến thắp sáng, mong các đoàn thiện nguyện tiếp tế ở Tam Kỳ",SUPPLY_NEED
"Khu vực xóm Trại cạn kiệt thực phẩm và nến thắp sáng, mong các đoàn thiện nguyện tiếp tế ở Hội An",SUPPLY_NEED
"Khu vực xóm Trại cạn kiệt thực phẩm và nến thắp sáng, mong các đoàn thiện nguyện tiếp tế tại Hà Tĩnh",SUPPLY_NEED
"Khu vực xóm Trại cạn kiệt thực phẩm và nến thắp sáng, mong các đoàn thiện nguyện tiếp tế ở Thừa Thiên Huế",SUPPLY_NEED
"Hộ dân vùng lũ cần gấp áo phao, đèn pin và thuốc hạ sốt cho người già và trẻ nhỏ ở Tam Kỳ",SUPPLY_NEED
"Hộ dân vùng lũ cần gấp áo phao, đèn pin và thuốc hạ sốt cho người già và trẻ nhỏ ở Hội An",SUPPLY_NEED
"Hộ dân vùng lũ cần gấp áo phao, đèn pin và thuốc hạ sốt cho người già và trẻ nhỏ tại Hà Tĩnh",SUPPLY_NEED
"Hộ dân vùng lũ cần gấp áo phao, đèn pin và thuốc hạ sốt cho người già và trẻ nhỏ ở Thừa Thiên Huế",SUPPLY_NEED
xom e het gao het nuoc sach 2 ngay nay roi ai giup voi a ở Tam Kỳ,SUPPLY_NEED
xom e het gao het nuoc sach 2 ngay nay roi ai giup voi a ở Hội An,SUPPLY_NEED
xom e het gao het nuoc sach 2 ngay nay roi ai giup voi a tại Hà Tĩnh,SUPPLY_NEED
xom e het gao het nuoc sach 2 ngay nay roi ai giup voi a ở Thừa Thiên Huế,SUPPLY_NEED
Cần 50 thùng mì tôm và nước khoáng cứu trợ cho các hộ dân bị ngập sâu ở xã Cảnh Hóa ở Tam Kỳ,SUPPLY_NEED
Cần 50 thùng mì tôm và nước khoáng cứu trợ cho các hộ dân bị ngập sâu ở xã Cảnh Hóa ở Hội An,SUPPLY_NEED
Cần 50 thùng mì tôm và nước khoáng cứu trợ cho các hộ dân bị ngập sâu ở xã Cảnh Hóa tại Hà Tĩnh,SUPPLY_NEED
Cần 50 thùng mì tôm và nước khoáng cứu trợ cho các hộ dân bị ngập sâu ở xã Cảnh Hóa ở Thừa Thiên Huế,SUPPLY_NEED
"Bà con đang rất cần sữa cho trẻ em và băng vệ sinh, thuốc tiêu chảy mùa lũ ở Tam Kỳ",SUPPLY_NEED
"Bà con đang rất cần sữa cho trẻ em và băng vệ sinh, thuốc tiêu chảy mùa lũ ở Hội An",SUPPLY_NEED
"Bà con đang rất cần sữa cho trẻ em và băng vệ sinh, thuốc tiêu chảy mùa lũ tại Hà Tĩnh",SUPPLY_NEED
"Bà con đang rất cần sữa cho trẻ em và băng vệ sinh, thuốc tiêu chảy mùa lũ ở Thừa Thiên Huế",SUPPLY_NEED
Bản làng bị chia cắt đường bộ mong được thả dù lương thực và nước uống khẩn cấp ở Tam Kỳ,SUPPLY_NEED
Bản làng bị chia cắt đường bộ mong được thả dù lương thực và nước uống khẩn cấp ở Hội An,SUPPLY_NEED
Bản làng bị chia cắt đường bộ mong được thả dù lương thực và nước uống khẩn cấp tại Hà Tĩnh,SUPPLY_NEED
Bản làng bị chia cắt đường bộ mong được thả dù lương thực và nước uống khẩn cấp ở Thừa Thiên Huế,SUPPLY_NEED
nha e con 1 it gao ma bep ngap khong nau dc can tiep te do an san ở Tam Kỳ,SUPPLY_NEED
nha e con 1 it gao ma bep ngap khong nau dc can tiep te do an san ở Hội An,SUPPLY_NEED
nha e con 1 it gao ma bep ngap khong nau dc can tiep te do an san tại Hà Tĩnh,SUPPLY_NEED
nha e con 1 it gao ma bep ngap khong nau dc can tiep te do an san ở Thừa Thiên Huế,SUPPLY_NEED
Cần ủng hộ xuồng phao hoặc áo cứu sinh để chở người già đi sơ tán ở Tam Kỳ,SUPPLY_NEED
Cần ủng hộ xuồng phao hoặc áo cứu sinh để chở người già đi sơ tán ở Hội An,SUPPLY_NEED
Cần ủng hộ xuồng phao hoặc áo cứu sinh để chở người già đi sơ tán tại Hà Tĩnh,SUPPLY_NEED
Cần ủng hộ xuồng phao hoặc áo cứu sinh để chở người già đi sơ tán ở Thừa Thiên Huế,SUPPLY_NEED
Bà con nghèo ở xóm cồn cần chăn ấm và bạt che mưa sau bão ở Tam Kỳ,SUPPLY_NEED
Bà con nghèo ở xóm cồn cần chăn ấm và bạt che mưa sau bão ở Hội An,SUPPLY_NEED
Bà con nghèo ở xóm cồn cần chăn ấm và bạt che mưa sau bão tại Hà Tĩnh,SUPPLY_NEED
Bà con nghèo ở xóm cồn cần chăn ấm và bạt che mưa sau bão ở Thừa Thiên Huế,SUPPLY_NEED
Điểm tránh trú bão trường tiểu học đang thiếu 100 suất cơm trưa cho bà con ở Tam Kỳ,SUPPLY_NEED
Điểm tránh trú bão trường tiểu học đang thiếu 100 suất cơm trưa cho bà con ở Hội An,SUPPLY_NEED
Điểm tránh trú bão trường tiểu học đang thiếu 100 suất cơm trưa cho bà con tại Hà Tĩnh,SUPPLY_NEED
Điểm tránh trú bão trường tiểu học đang thiếu 100 suất cơm trưa cho bà con ở Thừa Thiên Huế,SUPPLY_NEED
can giup do nuoc uong dong chai va luong kho cho 30 ho dan bi co lap ở Tam Kỳ,SUPPLY_NEED
can giup do nuoc uong dong chai va luong kho cho 30 ho dan bi co lap ở Hội An,SUPPLY_NEED
can giup do nuoc uong dong chai va luong kho cho 30 ho dan bi co lap tại Hà Tĩnh,SUPPLY_NEED
can giup do nuoc uong dong chai va luong kho cho 30 ho dan bi co lap ở Thừa Thiên Huế,SUPPLY_NEED
Các cháu nhỏ ở điểm sơ tán bị lạnh cần quần áo ấm và sữa tươi ở Tam Kỳ,SUPPLY_NEED
Các cháu nhỏ ở điểm sơ tán bị lạnh cần quần áo ấm và sữa tươi ở Hội An,SUPPLY_NEED
Các cháu nhỏ ở điểm sơ tán bị lạnh cần quần áo ấm và sữa tươi tại Hà Tĩnh,SUPPLY_NEED
Các cháu nhỏ ở điểm sơ tán bị lạnh cần quần áo ấm và sữa tươi ở Thừa Thiên Huế,SUPPLY_NEED
Cần hỗ trợ pin sạc dự phòng để người dân sạc điện thoại giữ liên lạc cứu trợ ở Tam Kỳ,SUPPLY_NEED
Cần hỗ trợ pin sạc dự phòng để người dân sạc điện thoại giữ liên lạc cứu trợ ở Hội An,SUPPLY_NEED
Cần hỗ trợ pin sạc dự phòng để người dân sạc điện thoại giữ liên lạc cứu trợ tại Hà Tĩnh,SUPPLY_NEED
Cần hỗ trợ pin sạc dự phòng để người dân sạc điện thoại giữ liên lạc cứu trợ ở Thừa Thiên Huế,SUPPLY_NEED
Bán áo phao cứu sinh giá sỉ lẻ toàn quốc freeship liên hệ 0987654321 ở Quảng Bình,SPAM_IRRELEVANT
Bán áo phao cứu sinh giá sỉ lẻ toàn quốc freeship liên hệ 0987654321 tại Lệ Thủy,SPAM_IRRELEVANT
Bán áo phao cứu sinh giá sỉ lẻ toàn quốc freeship liên hệ 0987654321 ở Tam Kỳ,SPAM_IRRELEVANT
Cho thuê xe bán tải gầm cao chạy mùa ngập lụt giá hạt dẻ ib ngay ở Quảng Bình,SPAM_IRRELEVANT
Cho thuê xe bán tải gầm cao chạy mùa ngập lụt giá hạt dẻ ib ngay tại Lệ Thủy,SPAM_IRRELEVANT
Cho thuê xe bán tải gầm cao chạy mùa ngập lụt giá hạt dẻ ib ngay ở Tam Kỳ,SPAM_IRRELEVANT
Bán đất nền view sông không lo ngập lụt giá đầu tư sinh lời cao ở Quảng Bình,SPAM_IRRELEVANT
Bán đất nền view sông không lo ngập lụt giá đầu tư sinh lời cao tại Lệ Thủy,SPAM_IRRELEVANT
Bán đất nền view sông không lo ngập lụt giá đầu tư sinh lời cao ở Tam Kỳ,SPAM_IRRELEVANT
Dịch vụ kích bình ắc quy cứu hộ xe chết máy giá rẻ gọi có mặt sau 15p ở Quảng Bình,SPAM_IRRELEVANT
Dịch vụ kích bình ắc quy cứu hộ xe chết máy giá rẻ gọi có mặt sau 15p tại Lệ Thủy,SPAM_IRRELEVANT
Dịch vụ kích bình ắc quy cứu hộ xe chết máy giá rẻ gọi có mặt sau 15p ở Tam Kỳ,SPAM_IRRELEVANT
ban ghe sofa da cao cap thanh ly gia re mua mua bao ở Quảng Bình,SPAM_IRRELEVANT
ban ghe sofa da cao cap thanh ly gia re mua mua bao tại Lệ Thủy,SPAM_IRRELEVANT
ban ghe sofa da cao cap thanh ly gia re mua mua bao ở Tam Kỳ,SPAM_IRRELEVANT
Thanh lý áo mưa bộ chất lượng cao vải dù chống thấm cực tốt ở Quảng Bình,SPAM_IRRELEVANT
Thanh lý áo mưa bộ chất lượng cao vải dù chống thấm cực tốt tại Lệ Thủy,SPAM_IRRELEVANT
Thanh lý áo mưa bộ chất lượng cao vải dù chống thấm cực tốt ở Tam Kỳ,SPAM_IRRELEVANT
Tuyển cộng tác viên bán hàng online tại nhà thu nhập 10-20tr tháng ở Quảng Bình,SPAM_IRRELEVANT
Tuyển cộng tác viên bán hàng online tại nhà thu nhập 10-20tr tháng tại Lệ Thủy,SPAM_IRRELEVANT
Tuyển cộng tác viên bán hàng online tại nhà thu nhập 10-20tr tháng ở Tam Kỳ,SPAM_IRRELEVANT
Cập nhật tỷ số trận bóng đá ngoại hạng Anh tối nay siêu kịch tính ở Quảng Bình,SPAM_IRRELEVANT
Cập nhật tỷ số trận bóng đá ngoại hạng Anh tối nay siêu kịch tính tại Lệ Thủy,SPAM_IRRELEVANT
Cập nhật tỷ số trận bóng đá ngoại hạng Anh tối nay siêu kịch tính ở Tam Kỳ,SPAM_IRRELEVANT
Hôm nay trời mưa to quá ngủ ở nhà sướng nhất ai giống mình không ở Quảng Bình,SPAM_IRRELEVANT
Hôm nay trời mưa to quá ngủ ở nhà sướng nhất ai giống mình không tại Lệ Thủy,SPAM_IRRELEVANT
Hôm nay trời mưa to quá ngủ ở nhà sướng nhất ai giống mình không ở Tam Kỳ,SPAM_IRRELEVANT
Chia sẻ video mẹo vặt bảo dưỡng xe máy sau khi đi qua vùng nước ngập ở Quảng Bình,SPAM_IRRELEVANT
Chia sẻ video mẹo vặt bảo dưỡng xe máy sau khi đi qua vùng nước ngập tại Lệ Thủy,SPAM_IRRELEVANT
Chia sẻ video mẹo vặt bảo dưỡng xe máy sau khi đi qua vùng nước ngập ở Tam Kỳ,SPAM_IRRELEVANT
ban nha mat tien trung tam quan 1 so do chinh chu ở Quảng Bình,SPAM_IRRELEVANT
ban nha mat tien trung tam quan 1 so do chinh chu tại Lệ Thủy,SPAM_IRRELEVANT
ban nha mat tien trung tam quan 1 so do chinh chu ở Tam Kỳ,SPAM_IRRELEVANT
Bán máy phát điện mini xách tay chạy xăng giá tốt cho gia đình ở Quảng Bình,SPAM_IRRELEVANT
Bán máy phát điện mini xách tay chạy xăng giá tốt cho gia đình tại Lệ Thủy,SPAM_IRRELEVANT
Bán máy phát điện mini xách tay chạy xăng giá tốt cho gia đình ở Tam Kỳ,SPAM_IRRELEVANT
Mời mọi người vào nhóm săn deal giảm giá shopee mùa bão ở Quảng Bình,SPAM_IRRELEVANT
Mời mọi người vào nhóm săn deal giảm giá shopee mùa bão tại Lệ Thủy,SPAM_IRRELEVANT
Mời mọi người vào nhóm săn deal giảm giá shopee mùa bão ở Tam Kỳ,SPAM_IRRELEVANT
Review quán bún bò huế ngon chuẩn vị giữa trời mưa gió bão bùng ở Quảng Bình,SPAM_IRRELEVANT
Review quán bún bò huế ngon chuẩn vị giữa trời mưa gió bão bùng tại Lệ Thủy,SPAM_IRRELEVANT
Review quán bún bò huế ngon chuẩn vị giữa trời mưa gió bão bùng ở Tam Kỳ,SPAM_IRRELEVANT
Kênh chia sẻ âm nhạc thư giãn khi trời mưa bão cho người mất ngủ ở Quảng Bình,SPAM_IRRELEVANT
Kênh chia sẻ âm nhạc thư giãn khi trời mưa bão cho người mất ngủ tại Lệ Thủy,SPAM_IRRELEVANT
Kênh chia sẻ âm nhạc thư giãn khi trời mưa bão cho người mất ngủ ở Tam Kỳ,SPAM_IRRELEVANT
